username,phone
Alice,12345
Bob,67890
Charlie,55555
David,98765
Eva,11111
Frank,22222
Grace,33333
Hannah,44444
Ian,55556
Jack,66666
Karen,77777
Leo,88888
Mona,99999
Nina,10101
Oscar,20202
Paul,30303
Quincy,40404
Rachel,50505
Sam,60606
Tina,70707
Uma,80808
Victor,90909
Wendy,11223
Xander,22334
Yara,33445
Zack,44556
Liam,55667
Noah,66778
Emma,77889
Olivia,88990
Ava,99001
Sophia,10112
Isabella,12121
Mia,13131
Amelia,14141
Harper,15151
Evelyn,16161
Abigail,17171
Emily,18181
Ella,19191
Elizabeth,20220
Camila,21212
Luna,22222
Sofia,23232
Avery,24242
Mila,25252
Aria,26262
Scarlett,27272
Penelope,28282
